,net_financing_activity,net_equity_activity,investment_activity,operational_cashflow
count,1007.0,1007.0,1007.0,1007.0
mean,-6561917569.016882,522126734.85600793,-41623715546.176765,-6024092370.40715
std,1424689453.4767199,496712743.268168,6708342953.770498,708028312.0370014
min,-8895580000.0,72124000.0,-49012027000.0,-7176708000.0
25%,-7711957000.0,72124000.0,-48218063500.0,-6565200500.0
50%,-5500932000.0,308173000.0,-47424100000.0,-5953693000.0
75%,-5413850000.0,854301500.0,-36471017000.0,-5682155000.0
max,-5326768000.0,1361952000.0,-33544041000.0,-5279259000.0
