,fin_investing_cash_flow,fin_financing_cash_flow,fin_operating_cash_flow,cash_and_cash_equivalents,macro_10Y Treasury Yield,capital_call_proxy
fin_investing_cash_flow,1.0,-0.008202992239355729,0.057615774813381,0.021201107306675165,0.006059500514503209,0.06872535605850241
fin_financing_cash_flow,-0.008202992239355729,1.0,0.037316365188942886,-0.00447002450075085,0.012473813165851638,0.026786943426494007
fin_operating_cash_flow,0.057615774813381,0.037316365188942886,1.0,0.03714973056094022,-0.001676127012772371,-0.08377869319734453
cash_and_cash_equivalents,0.021201107306675165,-0.00447002450075085,0.03714973056094022,1.0,0.018581863966234735,-0.14333548409378738
macro_10Y Treasury Yield,0.006059500514503209,0.012473813165851638,-0.001676127012772371,0.018581863966234735,1.0,-0.018619927737607213
capital_call_proxy,0.06872535605850241,0.026786943426494007,-0.08377869319734453,-0.14333548409378738,-0.018619927737607213,1.0
