,fin_investing_cash_flow,fin_financing_cash_flow,fin_operating_cash_flow,cash_and_cash_equivalents,macro_10Y Treasury Yield,capital_call_proxy,10Y Treasury Yield
fin_investing_cash_flow,1.0,-0.008202992239355729,0.057615774813381,0.021201107306675165,0.006059500514503209,0.06872535605850243,0.030401756812937
fin_financing_cash_flow,-0.008202992239355729,1.0,0.037316365188942886,-0.00447002450075085,0.012473813165851638,0.026786943426494014,-0.030742484923003938
fin_operating_cash_flow,0.057615774813381,0.037316365188942886,1.0,0.03714973056094022,-0.001676127012772371,-0.08377869319734453,0.06822977896361132
cash_and_cash_equivalents,0.021201107306675165,-0.00447002450075085,0.03714973056094022,1.0,0.018581863966234735,-0.1433354840937874,-0.01574270688987679
macro_10Y Treasury Yield,0.006059500514503209,0.012473813165851638,-0.001676127012772371,0.018581863966234735,1.0,-0.018619927737607213,0.0539901921614102
capital_call_proxy,0.06872535605850243,0.026786943426494014,-0.08377869319734453,-0.1433354840937874,-0.018619927737607213,1.0,-0.006442863242015338
10Y Treasury Yield,0.030401756812937,-0.030742484923003938,0.06822977896361132,-0.01574270688987679,0.0539901921614102,-0.006442863242015338,1.0
